Index,Original,Modified
1,04/28/2020,2020-04-28
2,04/14/2020,2020-04-14
4,05/14/2020,2020-05-14
6,04/13/2020,2020-04-13
7,04/10/2020,2020-04-10
11,04/29/2020,2020-04-29
12,05/08/2020,2020-05-08
16,04/05/2020,2020-04-05
17,05/14/2020,2020-05-14
18,04/05/2020,2020-04-05
19,04/27/2020,2020-04-27
20,04/08/2020,2020-04-08
21,04/15/2020,2020-04-15
22,05/03/2020,2020-05-03
24,05/20/2020,2020-05-20
25,04/07/2020,2020-04-07
26,04/12/2020,2020-04-12
28,05/08/2020,2020-05-08
30,04/09/2020,2020-04-09
31,04/16/2020,2020-04-16
35,04/05/2020,2020-04-05
36,04/30/2020,2020-04-30
37,05/06/2020,2020-05-06
38,05/11/2020,2020-05-11
39,04/28/2020,2020-04-28
41,07/27/2020,2020-07-27
42,04/14/2020,2020-04-14
44,05/11/2020,2020-05-11
45,04/10/2020,2020-04-10
48,05/01/2020,2020-05-01
50,04/15/2020,2020-04-15
51,04/28/2020,2020-04-28
52,04/11/2020,2020-04-11
53,05/01/2020,2020-05-01
54,04/27/2020,2020-04-27
56,05/18/2020,2020-05-18
58,05/07/2020,2020-05-07
60,04/15/2020,2020-04-15
63,05/04/2020,2020-05-04
64,04/15/2020,2020-04-15
65,04/30/2020,2020-04-30
66,04/06/2020,2020-04-06
67,04/15/2020,2020-04-15
68,04/28/2020,2020-04-28
69,05/21/2020,2020-05-21
70,04/28/2020,2020-04-28
71,05/16/2020,2020-05-16
75,05/01/2020,2020-05-01
76,04/29/2020,2020-04-29
80,04/29/2020,2020-04-29
81,04/15/2020,2020-04-15
82,05/14/2020,2020-05-14
83,04/27/2020,2020-04-27
87,04/10/2020,2020-04-10
90,04/29/2020,2020-04-29
92,05/15/2020,2020-05-15
95,04/30/2020,2020-04-30
96,04/10/2020,2020-04-10
99,05/09/2020,2020-05-09
100,05/12/2020,2020-05-12
103,05/01/2020,2020-05-01
106,04/14/2020,2020-04-14
107,05/14/2020,2020-05-14
109,05/02/2020,2020-05-02
110,04/29/2020,2020-04-29
111,05/14/2020,2020-05-14
114,04/07/2020,2020-04-07
116,05/17/2020,2020-05-17
119,04/11/2020,2020-04-11
120,04/30/2020,2020-04-30
121,08/05/2020,2020-08-05
125,05/15/2020,2020-05-15
127,05/07/2020,2020-05-07
128,04/29/2020,2020-04-29
129,04/12/2020,2020-04-12
133,06/18/2020,2020-06-18
134,04/09/2020,2020-04-09
137,04/10/2020,2020-04-10
139,04/10/2020,2020-04-10
140,05/04/2020,2020-05-04
142,04/30/2020,2020-04-30
143,04/15/2020,2020-04-15
144,06/26/2020,2020-06-26
145,05/26/2020,2020-05-26
149,04/16/2020,2020-04-16
151,04/16/2020,2020-04-16
153,04/05/2020,2020-04-05
154,04/05/2020,2020-04-05
155,04/12/2020,2020-04-12
158,04/27/2020,2020-04-27
160,04/08/2020,2020-04-08
161,06/23/2020,2020-06-23
162,04/27/2020,2020-04-27
163,04/13/2020,2020-04-13
164,04/30/2020,2020-04-30
170,05/08/2020,2020-05-08
171,04/15/2020,2020-04-15
172,04/05/2020,2020-04-05
174,05/11/2020,2020-05-11
175,04/06/2020,2020-04-06
178,04/05/2020,2020-04-05
181,04/10/2020,2020-04-10
186,06/03/2020,2020-06-03
187,04/15/2020,2020-04-15
189,04/16/2020,2020-04-16
190,04/10/2020,2020-04-10
191,04/09/2020,2020-04-09
195,04/29/2020,2020-04-29
198,04/29/2020,2020-04-29
200,04/29/2020,2020-04-29
202,05/03/2020,2020-05-03
207,04/30/2020,2020-04-30
211,04/06/2020,2020-04-06
213,04/27/2020,2020-04-27
217,04/07/2020,2020-04-07
220,04/12/2020,2020-04-12
225,08/07/2020,2020-08-07
226,07/09/2020,2020-07-09
227,04/30/2020,2020-04-30
231,04/29/2020,2020-04-29
235,06/30/2020,2020-06-30
240,04/06/2020,2020-04-06
249,04/09/2020,2020-04-09
250,04/10/2020,2020-04-10
251,05/21/2020,2020-05-21
254,04/13/2020,2020-04-13
256,04/30/2020,2020-04-30
257,05/04/2020,2020-05-04
258,04/14/2020,2020-04-14
259,04/15/2020,2020-04-15
261,04/29/2020,2020-04-29
262,04/28/2020,2020-04-28
267,05/05/2020,2020-05-05
272,04/14/2020,2020-04-14
274,04/16/2020,2020-04-16
276,06/17/2020,2020-06-17
285,04/07/2020,2020-04-07
290,05/06/2020,2020-05-06
291,05/02/2020,2020-05-02
295,04/28/2020,2020-04-28
296,05/07/2020,2020-05-07
297,04/09/2020,2020-04-09
298,07/27/2020,2020-07-27
301,04/30/2020,2020-04-30
302,04/10/2020,2020-04-10
303,04/06/2020,2020-04-06
304,04/28/2020,2020-04-28
305,06/25/2020,2020-06-25
306,04/29/2020,2020-04-29
307,04/09/2020,2020-04-09
311,05/01/2020,2020-05-01
312,04/09/2020,2020-04-09
313,04/09/2020,2020-04-09
318,05/01/2020,2020-05-01
319,05/09/2020,2020-05-09
322,04/10/2020,2020-04-10
323,04/12/2020,2020-04-12
324,05/05/2020,2020-05-05
325,04/28/2020,2020-04-28
329,04/13/2020,2020-04-13
332,04/30/2020,2020-04-30
333,06/29/2020,2020-06-29
334,04/10/2020,2020-04-10
336,04/29/2020,2020-04-29
338,04/30/2020,2020-04-30
340,05/06/2020,2020-05-06
342,05/02/2020,2020-05-02
346,04/10/2020,2020-04-10
347,04/16/2020,2020-04-16
348,05/07/2020,2020-05-07
354,04/11/2020,2020-04-11
356,06/16/2020,2020-06-16
357,06/23/2020,2020-06-23
358,05/14/2020,2020-05-14
359,04/30/2020,2020-04-30
360,04/13/2020,2020-04-13
361,04/14/2020,2020-04-14
362,04/29/2020,2020-04-29
364,04/16/2020,2020-04-16
366,05/09/2020,2020-05-09
368,04/27/2020,2020-04-27
369,05/09/2020,2020-05-09
370,04/28/2020,2020-04-28
373,04/14/2020,2020-04-14
375,04/06/2020,2020-04-06
381,04/07/2020,2020-04-07
382,06/10/2020,2020-06-10
383,05/06/2020,2020-05-06
384,04/30/2020,2020-04-30
387,06/05/2020,2020-06-05
388,05/06/2020,2020-05-06
389,05/03/2020,2020-05-03
390,04/10/2020,2020-04-10
391,04/07/2020,2020-04-07
393,04/07/2020,2020-04-07
394,04/15/2020,2020-04-15
396,04/11/2020,2020-04-11
397,05/01/2020,2020-05-01
398,04/10/2020,2020-04-10
405,04/30/2020,2020-04-30
406,04/09/2020,2020-04-09
409,04/05/2020,2020-04-05
410,04/03/2020,2020-04-03
413,04/03/2020,2020-04-03
414,04/30/2020,2020-04-30
417,04/30/2020,2020-04-30
424,04/16/2020,2020-04-16
426,04/13/2020,2020-04-13
427,04/28/2020,2020-04-28
431,04/28/2020,2020-04-28
433,04/29/2020,2020-04-29
434,04/30/2020,2020-04-30
435,05/05/2020,2020-05-05
437,05/12/2020,2020-05-12
439,04/05/2020,2020-04-05
440,04/15/2020,2020-04-15
441,06/04/2020,2020-06-04
442,05/20/2020,2020-05-20
444,04/27/2020,2020-04-27
445,04/10/2020,2020-04-10
447,04/16/2020,2020-04-16
448,05/07/2020,2020-05-07
449,05/12/2020,2020-05-12
454,05/01/2020,2020-05-01
455,04/28/2020,2020-04-28
456,04/29/2020,2020-04-29
457,04/12/2020,2020-04-12
460,04/29/2020,2020-04-29
461,04/30/2020,2020-04-30
463,04/28/2020,2020-04-28
464,05/08/2020,2020-05-08
466,05/07/2020,2020-05-07
467,04/28/2020,2020-04-28
469,04/03/2020,2020-04-03
470,04/27/2020,2020-04-27
472,04/27/2020,2020-04-27
474,04/30/2020,2020-04-30
479,04/29/2020,2020-04-29
480,05/06/2020,2020-05-06
482,04/11/2020,2020-04-11
483,04/29/2020,2020-04-29
484,04/05/2020,2020-04-05
485,04/05/2020,2020-04-05
487,04/12/2020,2020-04-12
488,05/08/2020,2020-05-08
495,05/05/2020,2020-05-05
498,04/28/2020,2020-04-28
499,04/05/2020,2020-04-05
501,04/14/2020,2020-04-14
502,04/05/2020,2020-04-05
503,04/27/2020,2020-04-27
504,04/27/2020,2020-04-27
505,04/11/2020,2020-04-11
506,05/23/2020,2020-05-23
508,04/11/2020,2020-04-11
511,04/04/2020,2020-04-04
514,04/10/2020,2020-04-10
515,05/08/2020,2020-05-08
520,04/28/2020,2020-04-28
522,04/14/2020,2020-04-14
523,04/29/2020,2020-04-29
524,04/07/2020,2020-04-07
526,04/05/2020,2020-04-05
528,04/08/2020,2020-04-08
529,04/07/2020,2020-04-07
530,04/29/2020,2020-04-29
533,05/14/2020,2020-05-14
534,06/15/2020,2020-06-15
535,04/28/2020,2020-04-28
536,04/27/2020,2020-04-27
537,04/28/2020,2020-04-28
539,04/16/2020,2020-04-16
540,04/15/2020,2020-04-15
541,04/12/2020,2020-04-12
542,04/11/2020,2020-04-11
543,05/19/2020,2020-05-19
544,04/28/2020,2020-04-28
546,04/10/2020,2020-04-10
547,05/21/2020,2020-05-21
549,05/13/2020,2020-05-13
550,05/11/2020,2020-05-11
553,05/01/2020,2020-05-01
554,05/06/2020,2020-05-06
555,04/28/2020,2020-04-28
556,05/01/2020,2020-05-01
558,04/04/2020,2020-04-04
560,04/14/2020,2020-04-14
562,05/04/2020,2020-05-04
563,08/04/2020,2020-08-04
564,04/30/2020,2020-04-30
567,04/27/2020,2020-04-27
569,04/15/2020,2020-04-15
570,04/14/2020,2020-04-14
571,04/06/2020,2020-04-06
573,05/11/2020,2020-05-11
576,05/08/2020,2020-05-08
577,05/01/2020,2020-05-01
578,04/27/2020,2020-04-27
579,04/28/2020,2020-04-28
586,05/01/2020,2020-05-01
587,08/01/2020,2020-08-01
588,05/28/2020,2020-05-28
593,04/09/2020,2020-04-09
594,07/29/2020,2020-07-29
599,04/14/2020,2020-04-14
600,05/12/2020,2020-05-12
601,04/06/2020,2020-04-06
602,05/07/2020,2020-05-07
604,04/07/2020,2020-04-07
605,04/28/2020,2020-04-28
606,04/30/2020,2020-04-30
607,04/09/2020,2020-04-09
608,04/06/2020,2020-04-06
610,04/15/2020,2020-04-15
612,05/06/2020,2020-05-06
613,05/08/2020,2020-05-08
615,06/26/2020,2020-06-26
617,06/09/2020,2020-06-09
619,07/23/2020,2020-07-23
620,05/04/2020,2020-05-04
621,07/24/2020,2020-07-24
623,04/28/2020,2020-04-28
624,04/29/2020,2020-04-29
626,04/09/2020,2020-04-09
627,05/21/2020,2020-05-21
629,08/03/2020,2020-08-03
631,04/15/2020,2020-04-15
635,05/11/2020,2020-05-11
636,04/28/2020,2020-04-28
638,06/03/2020,2020-06-03
639,04/10/2020,2020-04-10
641,04/27/2020,2020-04-27
642,05/22/2020,2020-05-22
644,04/07/2020,2020-04-07
645,04/11/2020,2020-04-11
658,06/16/2020,2020-06-16
660,04/27/2020,2020-04-27
661,04/30/2020,2020-04-30
662,05/12/2020,2020-05-12
664,04/11/2020,2020-04-11
667,04/27/2020,2020-04-27
670,04/30/2020,2020-04-30
672,04/06/2020,2020-04-06
676,05/02/2020,2020-05-02
677,05/04/2020,2020-05-04
680,04/06/2020,2020-04-06
682,05/21/2020,2020-05-21
684,04/30/2020,2020-04-30
686,07/30/2020,2020-07-30
687,04/27/2020,2020-04-27
688,05/01/2020,2020-05-01
690,05/16/2020,2020-05-16
693,04/11/2020,2020-04-11
694,06/02/2020,2020-06-02
697,04/30/2020,2020-04-30
698,04/06/2020,2020-04-06
699,04/14/2020,2020-04-14
700,04/27/2020,2020-04-27
702,04/29/2020,2020-04-29
703,05/18/2020,2020-05-18
705,04/06/2020,2020-04-06
706,08/06/2020,2020-08-06
710,05/01/2020,2020-05-01
711,04/30/2020,2020-04-30
712,04/28/2020,2020-04-28
713,04/30/2020,2020-04-30
714,04/11/2020,2020-04-11
718,04/28/2020,2020-04-28
719,04/05/2020,2020-04-05
721,04/13/2020,2020-04-13
722,04/15/2020,2020-04-15
724,05/01/2020,2020-05-01
726,04/16/2020,2020-04-16
727,08/07/2020,2020-08-07
729,04/11/2020,2020-04-11
730,08/04/2020,2020-08-04
732,05/26/2020,2020-05-26
733,04/12/2020,2020-04-12
734,04/09/2020,2020-04-09
735,05/09/2020,2020-05-09
736,04/08/2020,2020-04-08
737,06/16/2020,2020-06-16
739,05/02/2020,2020-05-02
743,04/09/2020,2020-04-09
746,04/15/2020,2020-04-15
747,04/12/2020,2020-04-12
748,05/01/2020,2020-05-01
749,04/30/2020,2020-04-30
755,04/16/2020,2020-04-16
758,04/10/2020,2020-04-10
761,06/26/2020,2020-06-26
762,04/29/2020,2020-04-29
763,04/11/2020,2020-04-11
765,04/06/2020,2020-04-06
767,05/01/2020,2020-05-01
769,05/04/2020,2020-05-04
772,04/06/2020,2020-04-06
774,04/10/2020,2020-04-10
781,04/08/2020,2020-04-08
783,04/28/2020,2020-04-28
784,05/01/2020,2020-05-01
786,04/27/2020,2020-04-27
787,04/28/2020,2020-04-28
788,04/04/2020,2020-04-04
790,05/23/2020,2020-05-23
791,05/15/2020,2020-05-15
794,04/28/2020,2020-04-28
796,05/01/2020,2020-05-01
798,05/01/2020,2020-05-01
799,04/28/2020,2020-04-28
801,05/11/2020,2020-05-11
802,04/10/2020,2020-04-10
804,06/29/2020,2020-06-29
807,04/07/2020,2020-04-07
810,04/27/2020,2020-04-27
812,04/30/2020,2020-04-30
814,04/30/2020,2020-04-30
815,04/10/2020,2020-04-10
816,06/19/2020,2020-06-19
817,04/28/2020,2020-04-28
819,04/29/2020,2020-04-29
820,04/28/2020,2020-04-28
828,04/10/2020,2020-04-10
829,07/30/2020,2020-07-30
831,04/16/2020,2020-04-16
833,04/15/2020,2020-04-15
834,04/27/2020,2020-04-27
835,06/22/2020,2020-06-22
836,04/13/2020,2020-04-13
837,04/30/2020,2020-04-30
838,04/12/2020,2020-04-12
840,04/27/2020,2020-04-27
841,04/29/2020,2020-04-29
844,04/29/2020,2020-04-29
845,04/27/2020,2020-04-27
846,04/07/2020,2020-04-07
847,05/20/2020,2020-05-20
848,06/29/2020,2020-06-29
853,04/29/2020,2020-04-29
858,04/15/2020,2020-04-15
860,04/15/2020,2020-04-15
865,04/30/2020,2020-04-30
867,05/01/2020,2020-05-01
870,04/15/2020,2020-04-15
871,04/05/2020,2020-04-05
872,05/20/2020,2020-05-20
873,04/06/2020,2020-04-06
874,04/29/2020,2020-04-29
876,08/05/2020,2020-08-05
877,04/29/2020,2020-04-29
878,06/11/2020,2020-06-11
884,04/07/2020,2020-04-07
885,04/10/2020,2020-04-10
887,04/06/2020,2020-04-06
890,04/27/2020,2020-04-27
891,05/03/2020,2020-05-03
893,04/28/2020,2020-04-28
894,04/05/2020,2020-04-05
895,04/15/2020,2020-04-15
896,04/10/2020,2020-04-10
900,05/27/2020,2020-05-27
901,04/29/2020,2020-04-29
903,05/01/2020,2020-05-01
905,06/26/2020,2020-06-26
906,04/14/2020,2020-04-14
907,04/15/2020,2020-04-15
910,04/16/2020,2020-04-16
911,05/12/2020,2020-05-12
912,04/07/2020,2020-04-07
914,05/04/2020,2020-05-04
915,05/07/2020,2020-05-07
917,04/27/2020,2020-04-27
919,04/10/2020,2020-04-10
921,05/08/2020,2020-05-08
926,04/15/2020,2020-04-15
927,04/29/2020,2020-04-29
929,04/30/2020,2020-04-30
930,04/30/2020,2020-04-30
932,04/13/2020,2020-04-13
933,04/28/2020,2020-04-28
935,04/27/2020,2020-04-27
938,04/29/2020,2020-04-29
939,04/10/2020,2020-04-10
940,04/28/2020,2020-04-28
942,04/29/2020,2020-04-29
943,04/09/2020,2020-04-09
944,06/03/2020,2020-06-03
945,04/04/2020,2020-04-04
946,04/13/2020,2020-04-13
947,04/14/2020,2020-04-14
950,04/29/2020,2020-04-29
955,04/10/2020,2020-04-10
956,05/20/2020,2020-05-20
957,04/29/2020,2020-04-29
958,05/18/2020,2020-05-18
959,05/01/2020,2020-05-01
961,07/17/2020,2020-07-17
962,04/08/2020,2020-04-08
965,04/05/2020,2020-04-05
966,04/29/2020,2020-04-29
967,04/08/2020,2020-04-08
968,04/13/2020,2020-04-13
977,05/09/2020,2020-05-09
978,04/10/2020,2020-04-10
979,04/13/2020,2020-04-13
980,05/03/2020,2020-05-03
981,04/14/2020,2020-04-14
984,04/07/2020,2020-04-07
987,05/19/2020,2020-05-19
989,05/23/2020,2020-05-23
990,06/18/2020,2020-06-18
991,06/02/2020,2020-06-02
993,04/05/2020,2020-04-05
998,05/08/2020,2020-05-08
1000,04/05/2020,2020-04-05
1001,05/05/2020,2020-05-05
1003,06/05/2020,2020-06-05
1006,06/27/2020,2020-06-27
1007,04/07/2020,2020-04-07
1008,04/27/2020,2020-04-27
1009,06/30/2020,2020-06-30
1010,05/01/2020,2020-05-01
1016,04/10/2020,2020-04-10
1018,05/03/2020,2020-05-03
1021,04/13/2020,2020-04-13
1022,04/06/2020,2020-04-06
1026,04/09/2020,2020-04-09
1027,04/28/2020,2020-04-28
1028,04/07/2020,2020-04-07
1030,05/03/2020,2020-05-03
1031,05/06/2020,2020-05-06
1032,05/04/2020,2020-05-04
1033,04/14/2020,2020-04-14
1035,04/30/2020,2020-04-30
1037,04/08/2020,2020-04-08
1039,04/11/2020,2020-04-11
1043,04/29/2020,2020-04-29
1044,04/09/2020,2020-04-09
1046,04/09/2020,2020-04-09
1048,04/27/2020,2020-04-27
1049,05/01/2020,2020-05-01
1051,04/28/2020,2020-04-28
1055,04/06/2020,2020-04-06
1057,05/22/2020,2020-05-22
1059,05/16/2020,2020-05-16
1060,04/07/2020,2020-04-07
1061,05/04/2020,2020-05-04
1062,04/30/2020,2020-04-30
1063,04/28/2020,2020-04-28
1067,04/15/2020,2020-04-15
1068,04/30/2020,2020-04-30
1071,04/06/2020,2020-04-06
1075,05/03/2020,2020-05-03
1078,04/28/2020,2020-04-28
1079,05/02/2020,2020-05-02
1080,04/30/2020,2020-04-30
1081,05/13/2020,2020-05-13
1083,04/28/2020,2020-04-28
1085,06/22/2020,2020-06-22
1086,05/11/2020,2020-05-11
1087,04/30/2020,2020-04-30
1089,04/05/2020,2020-04-05
1091,04/07/2020,2020-04-07
1092,05/02/2020,2020-05-02
1093,04/30/2020,2020-04-30
1095,05/08/2020,2020-05-08
1097,04/30/2020,2020-04-30
1098,04/28/2020,2020-04-28
1099,05/16/2020,2020-05-16
1101,04/12/2020,2020-04-12
1105,04/11/2020,2020-04-11
1107,04/16/2020,2020-04-16
1108,04/28/2020,2020-04-28
1109,05/04/2020,2020-05-04
1110,04/12/2020,2020-04-12
1115,05/08/2020,2020-05-08
1117,05/12/2020,2020-05-12
1118,06/02/2020,2020-06-02
1119,04/15/2020,2020-04-15
1122,04/15/2020,2020-04-15
1123,05/02/2020,2020-05-02
1124,04/29/2020,2020-04-29
1125,06/17/2020,2020-06-17
1126,04/10/2020,2020-04-10
1138,04/07/2020,2020-04-07
1139,04/14/2020,2020-04-14
1145,04/04/2020,2020-04-04
1146,04/30/2020,2020-04-30
1155,04/06/2020,2020-04-06
1159,04/15/2020,2020-04-15
1160,05/06/2020,2020-05-06
1161,04/29/2020,2020-04-29
1162,04/30/2020,2020-04-30
1163,04/05/2020,2020-04-05
1164,04/16/2020,2020-04-16
1170,04/27/2020,2020-04-27
1171,04/29/2020,2020-04-29
1174,06/10/2020,2020-06-10
1175,07/07/2020,2020-07-07
1176,05/26/2020,2020-05-26
1177,04/06/2020,2020-04-06
1178,04/27/2020,2020-04-27
1179,04/30/2020,2020-04-30
1180,04/11/2020,2020-04-11
1185,04/29/2020,2020-04-29
1188,05/02/2020,2020-05-02
1189,04/29/2020,2020-04-29
1190,05/03/2020,2020-05-03
1195,04/11/2020,2020-04-11
1196,05/22/2020,2020-05-22
1199,04/30/2020,2020-04-30
1201,04/09/2020,2020-04-09
1202,06/09/2020,2020-06-09
1203,04/15/2020,2020-04-15
1208,05/23/2020,2020-05-23
1209,04/11/2020,2020-04-11
1213,05/03/2020,2020-05-03
1217,07/29/2020,2020-07-29
1219,05/16/2020,2020-05-16
1220,05/03/2020,2020-05-03
1222,04/11/2020,2020-04-11
1224,05/27/2020,2020-05-27
1225,05/05/2020,2020-05-05
1228,04/11/2020,2020-04-11
1229,04/08/2020,2020-04-08
1233,05/07/2020,2020-05-07
1235,04/15/2020,2020-04-15
1237,05/22/2020,2020-05-22
1238,04/30/2020,2020-04-30
1239,04/27/2020,2020-04-27
1240,05/04/2020,2020-05-04
1241,04/14/2020,2020-04-14
1242,05/03/2020,2020-05-03
1243,04/30/2020,2020-04-30
1245,04/27/2020,2020-04-27
1247,05/11/2020,2020-05-11
1248,04/13/2020,2020-04-13
1251,04/11/2020,2020-04-11
1254,04/28/2020,2020-04-28
1258,05/01/2020,2020-05-01
1259,04/06/2020,2020-04-06
1260,05/20/2020,2020-05-20
1262,04/07/2020,2020-04-07
1264,04/28/2020,2020-04-28
1266,07/29/2020,2020-07-29
1267,04/14/2020,2020-04-14
1269,04/29/2020,2020-04-29
1270,04/12/2020,2020-04-12
1272,05/03/2020,2020-05-03
1277,04/29/2020,2020-04-29
1278,04/10/2020,2020-04-10
1280,04/29/2020,2020-04-29
1283,06/18/2020,2020-06-18
1284,04/07/2020,2020-04-07
1285,04/05/2020,2020-04-05
1289,04/09/2020,2020-04-09
1294,04/10/2020,2020-04-10
1295,07/09/2020,2020-07-09
1296,05/18/2020,2020-05-18
1297,04/30/2020,2020-04-30
1298,05/27/2020,2020-05-27
1300,04/12/2020,2020-04-12
1301,05/14/2020,2020-05-14
1305,06/04/2020,2020-06-04
1306,04/28/2020,2020-04-28
1307,05/08/2020,2020-05-08
1309,05/12/2020,2020-05-12
1311,04/14/2020,2020-04-14
1314,04/30/2020,2020-04-30
1316,04/28/2020,2020-04-28
1317,05/15/2020,2020-05-15
1318,04/07/2020,2020-04-07
1319,08/08/2020,2020-08-08
1321,04/10/2020,2020-04-10
1326,04/07/2020,2020-04-07
1332,04/29/2020,2020-04-29
1333,04/12/2020,2020-04-12
1337,04/09/2020,2020-04-09
1338,04/06/2020,2020-04-06
1340,04/28/2020,2020-04-28
1341,04/07/2020,2020-04-07
1342,04/14/2020,2020-04-14
1343,04/28/2020,2020-04-28
1344,04/28/2020,2020-04-28
1345,05/28/2020,2020-05-28
1346,04/30/2020,2020-04-30
1347,04/14/2020,2020-04-14
1349,04/27/2020,2020-04-27
1352,04/30/2020,2020-04-30
1353,04/29/2020,2020-04-29
1354,04/29/2020,2020-04-29
1356,05/05/2020,2020-05-05
1358,04/06/2020,2020-04-06
1359,05/06/2020,2020-05-06
1367,04/15/2020,2020-04-15
1368,04/12/2020,2020-04-12
1369,04/14/2020,2020-04-14
1371,05/12/2020,2020-05-12
1373,04/29/2020,2020-04-29
1374,04/15/2020,2020-04-15
1375,04/15/2020,2020-04-15
1377,05/07/2020,2020-05-07
1378,04/27/2020,2020-04-27
1379,04/28/2020,2020-04-28
1380,04/16/2020,2020-04-16
1381,05/06/2020,2020-05-06
1382,04/06/2020,2020-04-06
1383,05/04/2020,2020-05-04
1385,05/06/2020,2020-05-06
1387,05/01/2020,2020-05-01
1388,04/09/2020,2020-04-09
1389,04/29/2020,2020-04-29
1393,04/28/2020,2020-04-28
1394,05/09/2020,2020-05-09
1397,04/15/2020,2020-04-15
1399,05/06/2020,2020-05-06
1400,04/08/2020,2020-04-08
1401,04/27/2020,2020-04-27
1402,07/13/2020,2020-07-13
1403,07/17/2020,2020-07-17
1405,05/11/2020,2020-05-11
1406,04/06/2020,2020-04-06
1408,05/05/2020,2020-05-05
1410,05/02/2020,2020-05-02
1411,08/04/2020,2020-08-04
1413,04/16/2020,2020-04-16
1416,07/11/2020,2020-07-11
1418,05/01/2020,2020-05-01
1424,04/16/2020,2020-04-16
1426,05/04/2020,2020-05-04
1427,04/11/2020,2020-04-11
1429,04/13/2020,2020-04-13
1431,05/01/2020,2020-05-01
1433,04/30/2020,2020-04-30
1434,05/02/2020,2020-05-02
1435,06/10/2020,2020-06-10
1436,04/30/2020,2020-04-30
1437,05/29/2020,2020-05-29
1438,04/13/2020,2020-04-13
1439,06/08/2020,2020-06-08
1442,04/09/2020,2020-04-09
1444,04/15/2020,2020-04-15
1445,04/30/2020,2020-04-30
1446,04/12/2020,2020-04-12
1449,05/08/2020,2020-05-08
1450,04/06/2020,2020-04-06
1453,04/12/2020,2020-04-12
1454,04/11/2020,2020-04-11
1457,05/08/2020,2020-05-08
1458,07/23/2020,2020-07-23
1461,04/30/2020,2020-04-30
1463,05/20/2020,2020-05-20
1464,04/11/2020,2020-04-11
1465,04/06/2020,2020-04-06
1468,04/15/2020,2020-04-15
1469,04/06/2020,2020-04-06
1470,04/30/2020,2020-04-30
1471,04/29/2020,2020-04-29
1472,05/06/2020,2020-05-06
1473,05/22/2020,2020-05-22
1475,06/03/2020,2020-06-03
1476,04/06/2020,2020-04-06
1477,04/11/2020,2020-04-11
1478,04/06/2020,2020-04-06
1481,05/15/2020,2020-05-15
1482,04/28/2020,2020-04-28
1483,04/15/2020,2020-04-15
1484,04/14/2020,2020-04-14
1485,04/28/2020,2020-04-28
1489,06/04/2020,2020-06-04
1490,04/14/2020,2020-04-14
1492,05/14/2020,2020-05-14
1493,07/29/2020,2020-07-29
1494,05/01/2020,2020-05-01
1498,04/30/2020,2020-04-30
1500,04/06/2020,2020-04-06
1505,04/30/2020,2020-04-30
1508,05/04/2020,2020-05-04
1510,04/11/2020,2020-04-11
1511,04/28/2020,2020-04-28
1513,05/05/2020,2020-05-05
1514,04/15/2020,2020-04-15
1516,04/05/2020,2020-04-05
1520,05/10/2020,2020-05-10
1522,04/29/2020,2020-04-29
1527,04/28/2020,2020-04-28
1528,04/15/2020,2020-04-15
1531,04/14/2020,2020-04-14
1532,04/15/2020,2020-04-15
1533,05/08/2020,2020-05-08
1535,05/04/2020,2020-05-04
1536,04/14/2020,2020-04-14
1537,04/16/2020,2020-04-16
1538,05/05/2020,2020-05-05
1539,04/05/2020,2020-04-05
1545,05/26/2020,2020-05-26
1546,04/27/2020,2020-04-27
1547,04/10/2020,2020-04-10
1549,05/02/2020,2020-05-02
1551,04/12/2020,2020-04-12
1552,04/06/2020,2020-04-06
1554,06/02/2020,2020-06-02
1555,04/30/2020,2020-04-30
1556,04/13/2020,2020-04-13
1558,04/29/2020,2020-04-29
1560,04/14/2020,2020-04-14
1562,05/14/2020,2020-05-14
1563,04/27/2020,2020-04-27
1567,04/30/2020,2020-04-30
1569,04/28/2020,2020-04-28
1571,04/27/2020,2020-04-27
1572,05/20/2020,2020-05-20
1573,05/03/2020,2020-05-03
1574,05/21/2020,2020-05-21
1575,05/05/2020,2020-05-05
1576,04/28/2020,2020-04-28
1578,04/28/2020,2020-04-28
1579,04/28/2020,2020-04-28
1580,04/06/2020,2020-04-06
1582,04/28/2020,2020-04-28
1585,04/07/2020,2020-04-07
1589,05/07/2020,2020-05-07
1592,07/14/2020,2020-07-14
1597,05/12/2020,2020-05-12
1598,05/02/2020,2020-05-02
1600,04/08/2020,2020-04-08
1602,04/15/2020,2020-04-15
1607,04/05/2020,2020-04-05
1609,07/14/2020,2020-07-14
1611,04/07/2020,2020-04-07
1613,05/04/2020,2020-05-04
1616,04/15/2020,2020-04-15
1618,04/30/2020,2020-04-30
1619,04/30/2020,2020-04-30
1620,06/09/2020,2020-06-09
1623,04/29/2020,2020-04-29
1624,04/06/2020,2020-04-06
1626,04/27/2020,2020-04-27
1628,04/28/2020,2020-04-28
1632,06/17/2020,2020-06-17
1637,04/29/2020,2020-04-29
1639,04/05/2020,2020-04-05
1640,05/04/2020,2020-05-04
1641,04/27/2020,2020-04-27
1642,05/07/2020,2020-05-07
1643,04/04/2020,2020-04-04
1646,04/08/2020,2020-04-08
1648,05/01/2020,2020-05-01
1649,04/27/2020,2020-04-27
1650,05/01/2020,2020-05-01
1651,04/08/2020,2020-04-08
1652,04/30/2020,2020-04-30
1653,04/30/2020,2020-04-30
1656,04/13/2020,2020-04-13
1657,04/09/2020,2020-04-09
1661,04/09/2020,2020-04-09
1663,07/23/2020,2020-07-23
1666,04/29/2020,2020-04-29
1670,04/30/2020,2020-04-30
1671,05/01/2020,2020-05-01
1673,04/28/2020,2020-04-28
1674,06/28/2020,2020-06-28
1675,04/29/2020,2020-04-29
1677,05/08/2020,2020-05-08
1678,04/12/2020,2020-04-12
1684,04/15/2020,2020-04-15
1686,04/12/2020,2020-04-12
1687,05/01/2020,2020-05-01
1688,04/30/2020,2020-04-30
1690,04/30/2020,2020-04-30
1691,04/15/2020,2020-04-15
1694,04/30/2020,2020-04-30
1695,04/06/2020,2020-04-06
1696,04/16/2020,2020-04-16
1697,04/28/2020,2020-04-28
1698,04/15/2020,2020-04-15
1702,05/15/2020,2020-05-15
1703,04/28/2020,2020-04-28
1706,05/01/2020,2020-05-01
1707,04/04/2020,2020-04-04
1708,04/08/2020,2020-04-08
1712,04/28/2020,2020-04-28
1713,04/12/2020,2020-04-12
1715,04/30/2020,2020-04-30
1716,04/12/2020,2020-04-12
1718,05/15/2020,2020-05-15
1719,04/10/2020,2020-04-10
1720,04/15/2020,2020-04-15
1721,04/14/2020,2020-04-14
1723,06/01/2020,2020-06-01
1724,04/08/2020,2020-04-08
1729,05/08/2020,2020-05-08
1732,07/11/2020,2020-07-11
1738,04/10/2020,2020-04-10
1741,04/27/2020,2020-04-27
1743,05/20/2020,2020-05-20
1744,04/28/2020,2020-04-28
1748,05/20/2020,2020-05-20
1749,04/10/2020,2020-04-10
1750,08/04/2020,2020-08-04
1751,04/08/2020,2020-04-08
1753,05/21/2020,2020-05-21
1755,05/14/2020,2020-05-14
1756,05/14/2020,2020-05-14
1759,05/08/2020,2020-05-08
1761,05/07/2020,2020-05-07
1764,04/30/2020,2020-04-30
1767,04/05/2020,2020-04-05
1771,05/02/2020,2020-05-02
1772,04/30/2020,2020-04-30
1773,05/20/2020,2020-05-20
1777,04/29/2020,2020-04-29
1779,04/14/2020,2020-04-14
1780,04/08/2020,2020-04-08
1781,04/07/2020,2020-04-07
1786,04/15/2020,2020-04-15
1790,04/29/2020,2020-04-29
1791,04/28/2020,2020-04-28
1793,04/10/2020,2020-04-10
1795,04/28/2020,2020-04-28
1799,04/15/2020,2020-04-15
1800,04/11/2020,2020-04-11
1801,05/16/2020,2020-05-16
1806,04/03/2020,2020-04-03
1809,05/22/2020,2020-05-22
1811,05/01/2020,2020-05-01
1816,04/28/2020,2020-04-28
1817,04/14/2020,2020-04-14
1820,04/15/2020,2020-04-15
1823,04/15/2020,2020-04-15
1824,04/30/2020,2020-04-30
1826,06/17/2020,2020-06-17
1828,04/13/2020,2020-04-13
1830,04/14/2020,2020-04-14
1835,04/10/2020,2020-04-10
1836,05/02/2020,2020-05-02
1838,05/06/2020,2020-05-06
1840,05/01/2020,2020-05-01
1842,04/14/2020,2020-04-14
1844,05/14/2020,2020-05-14
1845,04/29/2020,2020-04-29
1846,04/27/2020,2020-04-27
1847,04/07/2020,2020-04-07
1848,04/14/2020,2020-04-14
1849,05/05/2020,2020-05-05
1850,05/12/2020,2020-05-12
1851,04/27/2020,2020-04-27
1855,04/29/2020,2020-04-29
1856,06/17/2020,2020-06-17
1859,05/13/2020,2020-05-13
1860,04/10/2020,2020-04-10
1861,04/29/2020,2020-04-29
1862,05/18/2020,2020-05-18
1863,04/28/2020,2020-04-28
1864,04/27/2020,2020-04-27
1867,05/02/2020,2020-05-02
1870,04/30/2020,2020-04-30
1876,04/29/2020,2020-04-29
1877,04/05/2020,2020-04-05
1879,04/29/2020,2020-04-29
1880,05/12/2020,2020-05-12
1881,04/15/2020,2020-04-15
1882,04/27/2020,2020-04-27
1883,04/15/2020,2020-04-15
1884,04/14/2020,2020-04-14
1887,05/04/2020,2020-05-04
1891,04/14/2020,2020-04-14
1892,05/03/2020,2020-05-03
1893,05/08/2020,2020-05-08
1897,04/28/2020,2020-04-28
1898,04/11/2020,2020-04-11
1899,04/29/2020,2020-04-29
1900,04/30/2020,2020-04-30
1902,05/03/2020,2020-05-03
1907,04/04/2020,2020-04-04
1910,05/08/2020,2020-05-08
1916,04/30/2020,2020-04-30
1917,05/20/2020,2020-05-20
1919,05/18/2020,2020-05-18
1920,04/13/2020,2020-04-13
1922,05/12/2020,2020-05-12
1923,05/04/2020,2020-05-04
1924,04/16/2020,2020-04-16
1925,05/20/2020,2020-05-20
1926,04/07/2020,2020-04-07
1927,05/05/2020,2020-05-05
1930,04/06/2020,2020-04-06
1939,04/13/2020,2020-04-13
1941,04/08/2020,2020-04-08
1942,04/29/2020,2020-04-29
1943,04/15/2020,2020-04-15
1944,06/01/2020,2020-06-01
1945,04/05/2020,2020-04-05
1946,05/04/2020,2020-05-04
1949,04/10/2020,2020-04-10
1950,05/04/2020,2020-05-04
1951,05/04/2020,2020-05-04
1952,04/29/2020,2020-04-29
1957,04/07/2020,2020-04-07
1958,04/13/2020,2020-04-13
1966,05/02/2020,2020-05-02
1969,04/15/2020,2020-04-15
1971,05/08/2020,2020-05-08
1973,06/08/2020,2020-06-08
1975,04/09/2020,2020-04-09
1976,04/14/2020,2020-04-14
1977,05/01/2020,2020-05-01
1981,04/30/2020,2020-04-30
1982,06/30/2020,2020-06-30
1983,07/15/2020,2020-07-15
1985,05/04/2020,2020-05-04
1988,04/29/2020,2020-04-29
1995,05/15/2020,2020-05-15
1996,04/09/2020,2020-04-09
1997,04/15/2020,2020-04-15
